{
  "MobDetectionRange": 15,
  "MaxMobs": 31,
  "MinMobs": 11,
  "PlayerStartHP": 18,
  "PlayerStrength": 2,
  "PlayerDefense": 0,
  "Score": 58.211200000000005,
  "AvgTurns": 109.824,
  "TotalGamesSimulated": 181000,
  "Discovered": "2025-11-16T15:01:36.3768589-08:00"
}