{
  "MobDetectionRange": 14,
  "MaxMobs": 43,
  "MinMobs": 5,
  "PlayerStartHP": 22,
  "PlayerStrength": 1,
  "PlayerDefense": 0,
  "Score": 57.96799999999999,
  "AvgTurns": 96.016,
  "TotalGamesSimulated": 228000,
  "Discovered": "2025-11-16T14:53:34.9945406-08:00"
}