{
  "MobDetectionRange": 8,
  "MaxMobs": 68,
  "MinMobs": 5,
  "PlayerStartHP": 5,
  "PlayerStrength": 3,
  "PlayerDefense": 0,
  "Score": 30.343999999999994,
  "AvgTurns": 109.828,
  "TotalGamesSimulated": 237500,
  "Discovered": "2025-11-16T14:48:11.2021615-08:00"
}