{
  "MobDetectionRange": 10,
  "MaxMobs": 60,
  "MinMobs": 5,
  "PlayerStartHP": 3,
  "PlayerStrength": 1,
  "PlayerDefense": 0,
  "Score": 99.03333333333333,
  "AvgTurns": 74.51666666666667,
  "TotalGamesSimulated": 42000,
  "Discovered": "2025-11-16T14:36:22.7216151-08:00"
}