{
  "MobDetectionRange": 6,
  "MaxMobs": 40,
  "MinMobs": 5,
  "PlayerStartHP": 5,
  "PlayerStrength": 1,
  "PlayerDefense": 0,
  "Score": 39.22666666666666,
  "AvgTurns": 80.38666666666667,
  "TotalGamesSimulated": 164700,
  "Discovered": "2025-11-16T14:04:25.3228067-08:00"
}