{
  "MobDetectionRange": 7,
  "MaxMobs": 41,
  "MinMobs": 5,
  "PlayerStartHP": 11,
  "PlayerStrength": 2,
  "PlayerDefense": 0,
  "Score": 99.33333333333334,
  "AvgTurns": 109.66666666666667,
  "TotalGamesSimulated": 200700,
  "Discovered": "2025-11-16T15:34:19.658278-08:00"
}