{
  "MobDetectionRange": 6,
  "MaxMobs": 40,
  "MinMobs": 5,
  "PlayerStartHP": 5,
  "PlayerStrength": 2,
  "PlayerDefense": 0,
  "Score": 19.46666666666667,
  "AvgTurns": 90.26666666666667,
  "TotalGamesSimulated": 77100,
  "Discovered": "2025-11-16T13:45:54.2659749-08:00"
}