{
  "MobDetectionRange": 6,
  "MaxMobs": 40,
  "MinMobs": 5,
  "PlayerStartHP": 5,
  "PlayerStrength": 1,
  "PlayerDefense": 0,
  "Score": 41.893333333333345,
  "AvgTurns": 79.05333333333333,
  "TotalGamesSimulated": 109800,
  "Discovered": "2025-11-16T13:52:46.1364597-08:00"
}