{
  "MobDetectionRange": 7,
  "MaxMobs": 56,
  "MinMobs": 6,
  "PlayerStartHP": 11,
  "PlayerStrength": 2,
  "PlayerDefense": 0,
  "Score": 98.58219999999999,
  "AvgTurns": 109.166,
  "TotalGamesSimulated": 82500,
  "Discovered": "2025-11-16T15:09:27.3670769-08:00"
}