{
  "MobDetectionRange": 6,
  "MaxMobs": 40,
  "MinMobs": 5,
  "PlayerStartHP": 5,
  "PlayerStrength": 1,
  "PlayerDefense": 0,
  "Score": 58.633333333333326,
  "AvgTurns": 70.68333333333334,
  "TotalGamesSimulated": 513600,
  "Discovered": "2025-11-16T14:12:09.8350554-08:00"
}