{
  "MobDetectionRange": 7,
  "MaxMobs": 47,
  "MinMobs": 5,
  "PlayerStartHP": 5,
  "PlayerStrength": 4,
  "PlayerDefense": 0,
  "Score": 99.07333333333332,
  "AvgTurns": 109.53666666666666,
  "TotalGamesSimulated": 105000,
  "Discovered": "2025-11-16T15:36:31.640337-08:00"
}