{
  "MobDetectionRange": 5,
  "MaxMobs": 62,
  "MinMobs": 20,
  "PlayerStartHP": 12,
  "PlayerStrength": 3,
  "PlayerDefense": 0,
  "Score": 89.73333333333332,
  "AvgTurns": 115.13333333333334,
  "TotalGamesSimulated": 10800,
  "Discovered": "2025-11-16T15:25:37.7132655-08:00"
}